Category	Term	Count	%	PValue	Genes	List Total	Pop Hits	Pop Total	Fold Enrichment	Bonferroni	Benjamini	FDR
KEGG_PATHWAY	hsa05202:Transcriptional misregulation in cancer	8	3.738317757	0.00525386	"JUP, SPINT1, BCL6, FUS, PLAT, TP53, DDB2, RUNX1"	96	198	8865	3.731060606	0.672659524	0.337204495	0.326070384
KEGG_PATHWAY	hsa05220:Chronic myeloid leukemia	5	2.336448598	0.009227694	"SMAD3, CCND1, TP53, DDB2, RUNX1"	96	77	8865	5.996347403	0.859893587	0.337204495	0.326070384
KEGG_PATHWAY	hsa05212:Pancreatic cancer	5	2.336448598	0.009227694	"SMAD3, CCND1, ERBB2, TP53, DDB2"	96	77	8865	5.996347403	0.859893587	0.337204495	0.326070384
KEGG_PATHWAY	hsa05219:Bladder cancer	4	1.869158879	0.009468366	"CCND1, ERBB2, FGFR3, TP53"	96	41	8865	9.009146341	0.866926925	0.337204495	0.326070384
KEGG_PATHWAY	hsa04919:Thyroid hormone signaling pathway	6	2.803738318	0.009842664	"NOTCH3, NOTCH1, HDAC3, CCND1, ATP1B3, TP53"	96	122	8865	4.541495902	0.877173415	0.337204495	0.326070384
KEGG_PATHWAY	hsa04360:Axon guidance	7	3.271028037	0.013951271	"EPHB6, UNC5B, SEMA4C, PLXNA2, PAK6, SEMA3F, EPHA2"	96	184	8865	3.513077446	0.949130663	0.337204495	0.326070384
KEGG_PATHWAY	hsa04512:ECM-receptor interaction	5	2.336448598	0.015112915	"LAMA5, SDC4, LAMB3, TNC, SDC1"	96	89	8865	5.187851124	0.960378963	0.337204495	0.326070384
KEGG_PATHWAY	hsa05222:Small cell lung cancer	5	2.336448598	0.017499931	"LAMA5, CCND1, LAMB3, TP53, DDB2"	96	93	8865	4.964717742	0.976313056	0.337204495	0.326070384
KEGG_PATHWAY	hsa05206:MicroRNAs in cancer	9	4.205607477	0.0184682	"NOTCH3, ABCC1, NOTCH1, CCND1, ERBB2, DDIT4, TNC, FGFR3, TP53"	96	312	8865	2.663762019	0.980781151	0.337204495	0.326070384
KEGG_PATHWAY	hsa05215:Prostate cancer	5	2.336448598	0.020798412	"CCND1, SPINT1, ERBB2, PLAT, TP53"	96	98	8865	4.711415816	0.988388532	0.337204495	0.326070384
KEGG_PATHWAY	hsa05224:Breast cancer	6	2.803738318	0.02115059	"NOTCH3, NOTCH1, CCND1, ERBB2, TP53, DDB2"	96	148	8865	3.743665541	0.989241115	0.337204495	0.326070384
KEGG_PATHWAY	hsa01522:Endocrine resistance	5	2.336448598	0.021500891	"NOTCH3, NOTCH1, CCND1, ERBB2, TP53"	96	99	8865	4.663825758	0.990027314	0.337204495	0.326070384
KEGG_PATHWAY	hsa05205:Proteoglycans in cancer	7	3.271028037	0.022060823	"SDC4, CCND1, GPC1, ERBB2, SDC1, ITPR3, TP53"	96	204	8865	3.168658088	0.991166942	0.337204495	0.326070384
KEGG_PATHWAY	hsa05226:Gastric cancer	6	2.803738318	0.022268221	"SMAD3, JUP, CCND1, ERBB2, TP53, DDB2"	96	150	8865	3.69375	0.991555324	0.337204495	0.326070384
KEGG_PATHWAY	hsa05213:Endometrial cancer	4	1.869158879	0.025160979	"CCND1, ERBB2, TP53, DDB2"	96	59	8865	6.26059322	0.995494159	0.354632851	0.342923276
KEGG_PATHWAY	hsa05200:Pathways in cancer	12	5.607476636	0.026764743	"NOTCH3, LAMA5, NOTCH1, SMAD3, JUP, CCND1, LAMB3, ERBB2, FGFR3, TP53, DDB2, RUNX1"	96	533	8865	2.079033771	0.996821804	0.354632851	0.342923276
KEGG_PATHWAY	hsa04151:PI3K-Akt signaling pathway	9	4.205607477	0.039901574	"LAMA5, CCND1, LAMB3, ERBB2, DDIT4, TNC, FGFR3, TP53, EPHA2"	96	362	8865	2.295839088	0.999821786	0.497596103	0.481166043
KEGG_PATHWAY	hsa05223:Non-small cell lung cancer	4	1.869158879	0.043287003	"CCND1, ERBB2, TP53, DDB2"	96	73	8865	5.059931507	0.999915722	0.509824701	0.492990867
KEGG_PATHWAY	hsa04115:p53 signaling pathway	4	1.869158879	0.0462911	"CCND1, PPP1R13L, TP53, DDB2"	96	75	8865	4.925	0.999956733	0.51651122	0.499456604
KEGG_PATHWAY	hsa03030:DNA replication	3	1.401869159	0.056574629	"POLA1, FEN1, MCM7"	96	36	8865	7.6953125	0.999995655	0.542887233	0.524961711
KEGG_PATHWAY	hsa05216:Thyroid cancer	3	1.401869159	0.059400778	"CCND1, TP53, DDB2"	96	37	8865	7.487331081	0.9999977	0.542887233	0.524961711
KEGG_PATHWAY	hsa04371:Apelin signaling pathway	5	2.336448598	0.063160868	"NOTCH3, SMAD3, CCND1, ITPR3, PLAT"	96	140	8865	3.297991071	0.999999016	0.542887233	0.524961711
KEGG_PATHWAY	hsa05418:Fluid shear stress and atherosclerosis	5	2.336448598	0.064493144	"SDC4, GPC1, SDC1, PLAT, TP53"	96	141	8865	3.274601064	0.999999272	0.542887233	0.524961711
KEGG_PATHWAY	hsa05165:Human papillomavirus infection	8	3.738317757	0.065889769	"NOTCH3, LAMA5, NOTCH1, NHERF1, CCND1, LAMB3, TNC, TP53"	96	333	8865	2.218468468	0.99999947	0.542887233	0.524961711
KEGG_PATHWAY	hsa05210:Colorectal cancer	4	1.869158879	0.066388639	"SMAD3, CCND1, TP53, DDB2"	96	87	8865	4.245689655	0.999999527	0.542887233	0.524961711
KEGG_PATHWAY	hsa04510:Focal adhesion	6	2.803738318	0.06658051	"LAMA5, CCND1, LAMB3, ERBB2, TNC, PAK6"	96	203	8865	2.729371921	0.999999547	0.542887233	0.524961711
KEGG_PATHWAY	hsa02010:ABC transporters	3	1.401869159	0.083625891	"ABCD4, ABCC1, ABCC10"	96	45	8865	6.15625	0.999999991	0.656618109	0.634937322
WIKIPATHWAYS	WP4674:Head and neck squamous cell carcinoma	6	2.803738318	0.002509824	"NOTCH1, CCND1, ERBB2, DDIT4, FGFR3, TP53"	113	74	8749	6.277684764	0.564733195	0.675420759	0.675420759
WIKIPATHWAYS	WP4263:Pancreatic adenocarcinoma pathway	6	2.803738318	0.005560186	"SMAD3, CCND1, ERBB2, PAK6, TP53, DDB2"	113	89	8749	5.219648006	0.842062721	0.675420759	0.675420759
WIKIPATHWAYS	WP5475:Hallmark of cancer sustaining proliferative signaling	6	2.803738318	0.008311035	"JUP, CCND1, FGFR3, TP53, EPHA2, TTI1"	113	98	8749	4.740292577	0.936862969	0.675420759	0.675420759
WIKIPATHWAYS	WP4155:Endometrial cancer	5	2.336448598	0.008490691	"CCND1, ERBB2, FGFR3, TP53, DDB2"	113	63	8749	6.144823711	0.940537996	0.675420759	0.675420759
WIKIPATHWAYS	WP5087:Pleural mesothelioma	13	6.074766355	0.01020273	"LAMA5, SETD5, LAMB3, ITPR3, CSNK1E, TTI1, CCND1, PAK6, FGFR3, TP53, DSC3, EPHA2, TEAD3"	113	439	8749	2.292761102	0.966440984	0.675420759	0.675420759
WIKIPATHWAYS	WP2828:Bladder cancer	4	1.869158879	0.014307979	"CCND1, ERBB2, FGFR3, TP53"	113	40	8749	7.742477876	0.991520879	0.789323498	0.789323498
GOTERM_BP_DIRECT	GO:0016477~cell migration	11	5.140186916	6.10E-04	"RHBDF1, LAMA5, JUP, SDC4, LAMB3, GPC1, NDE1, SHROOM2, SDC1, MST1R, EPHA2"	202	275	19416	3.844752475	0.587026057	0.884100955	0.884100955
WIKIPATHWAYS	WP3413:NOTCH1 regulation of endothelial cell calcification	3	1.401869159	0.019486996	"NOTCH1, PLAT, FGFR3"	113	17	8749	13.66319625	0.998517272	0.906817365	0.906817365
WIKIPATHWAYS	WP4657:22q11 2 copy number variation syndrome	6	2.803738318	0.021917036	"SREBF1, HDAC3, DGCR8, PRODH, TP53, DGCR2"	113	125	8749	3.716389381	0.999347839	0.906817365	0.906817365
UP_KW_BIOLOGICAL_PROCESS	KW-0053~Apoptosis	14	6.542056075	0.013679344	"AVEN, DIDO1, PPP1R13B, UNC5B, DELE1, BABAM2, PPP1R13L, TNIP2, DDIT4, MFN2, CIAPIN1, FGFR3, TP53, EPHA2"	133	566	11434	2.126464571	0.639137708	0.997257941	0.997257941
UP_KW_BIOLOGICAL_PROCESS	KW-0866~Nonsense-mediated mRNA decay	3	1.401869159	0.049466919	"EXOSC10, RNPS1, DCP1A"	133	31	11434	8.319670143	0.976580616	0.997257941	0.997257941
UP_KW_BIOLOGICAL_PROCESS	KW-0132~Cell division	10	4.672897196	0.052164757	"BABAM2, ANKLE2, MAEA, CCND1, REEP4, NDE1, ANXA11, RAE1, TRIOBP, CHFR"	133	417	11434	2.061628892	0.981022845	0.997257941	0.997257941
UP_KW_BIOLOGICAL_PROCESS	KW-0131~Cell cycle	14	6.542056075	0.05318709	"PRR5, ANKLE2, MCM7, NDE1, USP22, ANXA11, TRIOBP, CHFR, BABAM2, MAEA, CCND1, REEP4, RAE1, TP53"	133	686	11434	1.754488261	0.982479413	0.997257941	0.997257941
GOTERM_BP_DIRECT	GO:0035791~platelet-derived growth factor receptor-beta signaling pathway	5	2.336448598	0.002352895	"PTPN1, ERBB2, MST1R, FGFR3, EPHA2"	202	54	19416	8.899889989	0.967069688	1	1
GOTERM_BP_DIRECT	GO:0006366~transcription by RNA polymerase II	9	4.205607477	0.003609619	"NOTCH1, HDAC3, SMARCC2, CEBPD, BCL6, MBD1, POLR1B, CDK12, RPAP1"	202	240	19416	3.604455446	0.994698683	1	1
REACTOME_PATHWAY	R-HSA-196854~Metabolism of vitamins and cofactors	9	4.205607477	0.003691593	"ABCD4, PANK4, PARP6, ABCC1, SDC4, GPC1, SDC1, LRP10, LDLRAP1"	141	200	11153	3.559468085	0.96335178	1	1
REACTOME_PATHWAY	R-HSA-9758890~Transport of RCbl within the body	3	1.401869159	0.0041689	"ABCD4, ABCC1, LDLRAP1"	141	8	11153	29.66223404	0.976121754	1	1
REACTOME_PATHWAY	R-HSA-8878159~Transcriptional regulation by RUNX3	6	2.803738318	0.004478896	"NOTCH1, SMAD3, CCND1, TP53, TEAD3, RUNX1"	141	86	11153	5.518555171	0.981923218	1	1
GOTERM_BP_DIRECT	GO:0072659~protein localization to plasma membrane	7	3.271028037	0.006114782	"LAMA5, TSPAN14, NHERF1, JUP, ATP1B3, ZDHHC7, EPHA2"	202	158	19416	4.258428374	0.999861898	1	1
REACTOME_PATHWAY	R-HSA-3000171~Non-integrin membrane-ECM interactions	5	2.336448598	0.006346716	"LAMA5, SDC4, LAMB3, TNC, SDC1"	141	59	11153	6.703329727	0.996627316	1	1
REACTOME_PATHWAY	R-HSA-9006934~Signaling by Receptor Tyrosine Kinases	15	7.009345794	0.00714875	"PRR5, LAMA5, PTPN1, HDAC3, LAMB3, JUP, PLAT, ITPR3, MST1R, EPS15L1, DUSP7, HNRNPM, SPINT1, ERBB2, FGFR3"	141	534	11153	2.22189019	0.998361438	1	1
GOTERM_BP_DIRECT	GO:0008286~insulin receptor signaling pathway	6	2.803738318	0.007183222	"SREBF1, PTPN1, ERBB2, MST1R, FGFR3, EPHA2"	202	116	19416	4.971662684	0.999970937	1	1
GOTERM_BP_DIRECT	GO:0031053~primary miRNA processing	3	1.401869159	0.007716166	"SMAD3, SRRT, DGCR8"	202	13	19416	22.18126428	0.999986651	1	1
GOTERM_BP_DIRECT	GO:0071526~semaphorin-plexin signaling pathway	4	1.869158879	0.010599554	"ERBB2, SEMA4C, PLXNA2, SEMA3F"	202	44	19416	8.738073807	0.999999803	1	1
GOTERM_BP_DIRECT	GO:0007275~multicellular organism development	4	1.869158879	0.010599554	"ERBB2, MST1R, FGFR3, EPHA2"	202	44	19416	8.738073807	0.999999803	1	1
GOTERM_BP_DIRECT	GO:0048013~ephrin receptor signaling pathway	5	2.336448598	0.011762417	"EPHB6, ERBB2, MST1R, FGFR3, EPHA2"	202	85	19416	5.654047758	0.999999964	1	1
REACTOME_PATHWAY	R-HSA-6804759~Regulation of TP53 Activity through Association with Co-factors	3	1.401869159	0.012897272	"PPP1R13B, PPP1R13L, TP53"	141	14	11153	16.94984802	0.999990881	1	1
REACTOME_PATHWAY	"R-HSA-3656253~Defective EXT1 causes exostoses 1, TRPS2 and CHDS"	3	1.401869159	0.012897272	"SDC4, GPC1, SDC1"	141	14	11153	16.94984802	0.999990881	1	1
REACTOME_PATHWAY	R-HSA-3656237~Defective EXT2 causes exostoses 2	3	1.401869159	0.012897272	"SDC4, GPC1, SDC1"	141	14	11153	16.94984802	0.999990881	1	1
REACTOME_PATHWAY	R-HSA-6803205~TP53 regulates transcription of several additional cell death genes whose specific roles in p53-dependent apoptosis remain uncertain	3	1.401869159	0.012897272	"PPP1R13B, BCL6, TP53"	141	14	11153	16.94984802	0.999990881	1	1
GOTERM_BP_DIRECT	GO:0036323~vascular endothelial growth factor receptor-1 signaling pathway	4	1.869158879	0.014201458	"ERBB2, MST1R, FGFR3, EPHA2"	202	49	19416	7.846433623	0.999999999	1	1
GOTERM_BP_DIRECT	GO:0035790~platelet-derived growth factor receptor-alpha signaling pathway	4	1.869158879	0.014994997	"ERBB2, MST1R, FGFR3, EPHA2"	202	50	19416	7.68950495	1	1	1
GOTERM_BP_DIRECT	GO:0038145~macrophage colony-stimulating factor signaling pathway	4	1.869158879	0.015813148	"ERBB2, MST1R, FGFR3, EPHA2"	202	51	19416	7.538730344	1	1	1
GOTERM_BP_DIRECT	GO:0038109~Kit signaling pathway	4	1.869158879	0.015813148	"ERBB2, MST1R, FGFR3, EPHA2"	202	51	19416	7.538730344	1	1	1
GOTERM_BP_DIRECT	GO:0006974~DNA damage response	9	4.205607477	0.016286988	"BABAM2, MCM7, CCND1, BCL6, HMCES, DELE1, DGCR8, TP53, DDB2"	202	312	19416	2.772658035	1	1	1
REACTOME_PATHWAY	R-HSA-8953854~Metabolism of RNA	17	7.943925234	0.016865889	"NOP14, FUS, TEX10, SRRT, HEATR1, CWC25, TFIP11, NOL9, CSNK1E, GTPBP3, HNRNPL, HNRNPM, EXOSC10, RNPS1, DCP1A, RAE1, RPL28"	141	713	11153	1.885957845	0.999999751	1	1
REACTOME_PATHWAY	R-HSA-975634~Retinoid metabolism and transport	4	1.869158879	0.017620405	"SDC4, GPC1, SDC1, LRP10"	141	44	11153	7.190844616	0.999999875	1	1
GOTERM_BP_DIRECT	GO:0031547~brain-derived neurotrophic factor receptor signaling pathway	4	1.869158879	0.01841597	"ERBB2, MST1R, FGFR3, EPHA2"	202	54	19416	7.119911991	1	1	1
GOTERM_BP_DIRECT	GO:0048012~hepatocyte growth factor receptor signaling pathway	4	1.869158879	0.020275326	"ERBB2, MST1R, FGFR3, EPHA2"	202	56	19416	6.86562942	1	1	1
GOTERM_BP_DIRECT	GO:0032874~positive regulation of stress-activated MAPK cascade	3	1.401869159	0.021500697	"STK25, SEMA4C, INAVA"	202	22	19416	13.10711071	1	1	1
REACTOME_PATHWAY	R-HSA-6806667~Metabolism of fat-soluble vitamins	4	1.869158879	0.022195127	"SDC4, GPC1, SDC1, LRP10"	141	48	11153	6.591607565	0.999999998	1	1
GOTERM_BP_DIRECT	GO:0038063~collagen-activated tyrosine kinase receptor signaling pathway	4	1.869158879	0.022234278	"ERBB2, MST1R, FGFR3, EPHA2"	202	58	19416	6.628883578	1	1	1
REACTOME_PATHWAY	R-HSA-9694614~Attachment and Entry	3	1.401869159	0.023265489	"SDC4, GPC1, SDC1"	141	19	11153	12.4893617	0.999999999	1	1
GOTERM_BP_DIRECT	GO:0040014~regulation of multicellular organism growth	3	1.401869159	0.025345213	"AFG3L2, HDAC3, FOSL2"	202	24	19416	12.01485149	1	1	1
GOTERM_BP_DIRECT	GO:0007266~Rho protein signal transduction	4	1.869158879	0.025359554	"BCL6, TAX1BP3, EPS8L2, PHACTR4"	202	61	19416	6.30287291	1	1	1
REACTOME_PATHWAY	R-HSA-3560801~Defective B3GAT3 causes JDSSDHD	3	1.401869159	0.025640852	"SDC4, GPC1, SDC1"	141	20	11153	11.86489362	1	1	1
REACTOME_PATHWAY	R-HSA-4420332~Defective B3GALT6 causes EDSP2 and SEMDJL1	3	1.401869159	0.025640852	"SDC4, GPC1, SDC1"	141	20	11153	11.86489362	1	1	1
REACTOME_PATHWAY	"R-HSA-3560783~Defective B4GALT7 causes EDS, progeroid type"	3	1.401869159	0.025640852	"SDC4, GPC1, SDC1"	141	20	11153	11.86489362	1	1	1
GOTERM_BP_DIRECT	GO:1902895~positive regulation of miRNA transcription	4	1.869158879	0.026451093	"SREBF1, NOTCH3, SMAD3, TP53"	202	62	19416	6.20121367	1	1	1
GOTERM_BP_DIRECT	GO:0038084~vascular endothelial growth factor signaling pathway	4	1.869158879	0.026451093	"ERBB2, MST1R, FGFR3, EPHA2"	202	62	19416	6.20121367	1	1	1
GOTERM_BP_DIRECT	GO:0007169~cell surface receptor protein tyrosine kinase signaling pathway	5	2.336448598	0.027526765	"CNKSR1, ERBB2, MST1R, FGFR3, EPHA2"	202	110	19416	4.369036904	1	1	1
REACTOME_PATHWAY	R-HSA-1912408~Pre-NOTCH Transcription and Translation	5	2.336448598	0.02843586	"NOTCH3, NOTCH1, CCND1, TP53, RUNX1"	141	92	11153	4.298874499	1	1	1
GOTERM_BP_DIRECT	GO:0001701~in utero embryonic development	7	3.271028037	0.028848744	"NOTCH1, SMAD3, HDAC3, CPT2, GJB3, TP53, DSC3"	202	223	19416	3.017182436	1	1	1
REACTOME_PATHWAY	R-HSA-6791226~Major pathway of rRNA processing in the nucleolus and cytosol	7	3.271028037	0.0290482	"NOP14, EXOSC10, TEX10, HEATR1, NOL9, CSNK1E, RPL28"	141	185	11153	2.992946138	1	1	1
GOTERM_BP_DIRECT	GO:0006338~chromatin remodeling	17	7.943925234	0.029141684	"BRD3, SETD5, PTPN1, SMARCC2, MCM7, MAST4, USP22, MST1R, CSNK1E, DUSP7, AFG3L2, DSTYK, STK25, ERBB2, PAK6, FGFR3, EPHA2"	202	917	19416	1.781919086	1	1	1
GOTERM_BP_DIRECT	GO:0042908~xenobiotic transport	3	1.401869159	0.029446024	"ABCC1, SLC22A18, ABCC10"	202	26	19416	11.09063214	1	1	1
REACTOME_PATHWAY	"R-HSA-196741~Cobalamin (Cbl, vitamin B12) transport and metabolism"	3	1.401869159	0.030670956	"ABCD4, ABCC1, LDLRAP1"	141	22	11153	10.78626692	1	1	1
GOTERM_BP_DIRECT	GO:0030182~neuron differentiation	6	2.803738318	0.032101401	"CCND1, MBD1, ERBB2, DDIT4, EPHA2, RUNX1"	202	170	19416	3.392428655	1	1	1
REACTOME_PATHWAY	R-HSA-9820960~Respiratory syncytial virus (RSV) attachment and entry	3	1.401869159	0.033320351	"SDC4, GPC1, SDC1"	141	23	11153	10.3172988	1	1	1
GOTERM_BP_DIRECT	GO:0045944~positive regulation of transcription by RNA polymerase II	21	9.813084112	0.034124545	"BRD3, ESRRA, SREBF1, NOTCH3, ZNF395, HDAC3, NOTCH1, SMAD3, JUP, CEBPD, BCL11A, HMGA1, FOXK2, TCF20, FOSL2, RUNX1, TNIP2, PLAGL2, CDK12, TP53, TEAD3"	202	1246	19416	1.619979976	1	1	1
WIKIPATHWAYS	WP4658:Small cell lung cancer	5	2.336448598	0.034429074	"LAMA5, CCND1, LAMB3, TP53, DDB2"	113	96	8749	4.03254056	0.999990805	1	1
REACTOME_PATHWAY	R-HSA-2024096~HS-GAG degradation	3	1.401869159	0.036055831	"SDC4, GPC1, SDC1"	141	24	11153	9.887411348	1	1	1
REACTOME_PATHWAY	R-HSA-8868773~rRNA processing in the nucleus and cytosol	7	3.271028037	0.036202219	"NOP14, EXOSC10, TEX10, HEATR1, NOL9, CSNK1E, RPL28"	141	195	11153	2.83946172	1	1	1
WIKIPATHWAYS	WP4879:Overlap between signal transduction pathways contributing to LMNA laminopathies	4	1.869158879	0.036270917	"SREBF1, NOTCH1, SMAD3, CEBPD"	113	57	8749	5.433317808	0.999995112	1	1
GOTERM_BP_DIRECT	GO:0045892~negative regulation of DNA-templated transcription	12	5.607476636	0.037092205	"HNRNPL, NOTCH1, HDAC3, SMARCC2, QARS1, CEBPD, BCL6, MBD1, HMGA1, FOXK2, TP53, KCTD15"	202	574	19416	2.009452513	1	1	1
GOTERM_BP_DIRECT	GO:0090314~positive regulation of protein targeting to membrane	3	1.401869159	0.038368603	"CEMIP, ERBB2, MIEF1"	202	30	19416	9.611881188	1	1	1
GOTERM_BP_DIRECT	GO:1903553~positive regulation of extracellular exosome assembly	2	0.934579439	0.040773656	"SDC4, SDC1"	202	4	19416	48.05940594	1	1	1
REACTOME_PATHWAY	R-HSA-1971475~A tetrasaccharide linker sequence is required for GAG synthesis	3	1.401869159	0.041774911	"SDC4, GPC1, SDC1"	141	26	11153	9.126841244	1	1	1
REACTOME_PATHWAY	R-HSA-6796648~TP53 Regulates Transcription of DNA Repair Genes	4	1.869158879	0.042800828	"RAD51D, CDK12, TP53, DDB2"	141	62	11153	5.10318005	1	1	1
GOTERM_BP_DIRECT	GO:0021915~neural tube development	3	1.401869159	0.043167357	"NOTCH1, PLXNA2, EPHA2"	202	32	19416	9.011138614	1	1	1
REACTOME_PATHWAY	R-HSA-72312~rRNA processing	7	3.271028037	0.044404009	"NOP14, EXOSC10, TEX10, HEATR1, NOL9, CSNK1E, RPL28"	141	205	11153	2.700951392	1	1	1
REACTOME_PATHWAY	R-HSA-3000170~Syndecan interactions	3	1.401869159	0.044753569	"SDC4, TNC, SDC1"	141	27	11153	8.788810087	1	1	1
WIKIPATHWAYS	WP5180:DYRK1A involvement regarding cell proliferation in brain development	4	1.869158879	0.044800285	"NOTCH1, CCND1, TP53, DCAF7"	113	62	8749	4.995147017	0.999999742	1	1
GOTERM_BP_DIRECT	GO:0043484~regulation of RNA splicing	4	1.869158879	0.045770542	"HNRNPL, FUS, USP22, AHNAK2"	202	77	19416	4.993185033	1	1	1
REACTOME_PATHWAY	R-HSA-72163~mRNA Splicing - Major Pathway	7	3.271028037	0.046173196	"HNRNPL, HNRNPM, FUS, SRRT, TFIP11, CWC25, RNPS1"	141	207	11153	2.674855244	1	1	1
GOTERM_BP_DIRECT	GO:0051301~cell division	9	4.205607477	0.046534851	"BABAM2, ANKLE2, MAEA, CCND1, REEP4, NDE1, RAE1, TRIOBP, CHFR"	202	383	19416	2.258666598	1	1	1
REACTOME_PATHWAY	R-HSA-6785807~Interleukin-4 and Interleukin-13 signaling	5	2.336448598	0.046891002	"LAMA5, CCND1, CEBPD, BCL6, TP53"	141	108	11153	3.662004203	1	1	1
REACTOME_PATHWAY	R-HSA-1912422~Pre-NOTCH Expression and Processing	5	2.336448598	0.046891002	"NOTCH3, NOTCH1, CCND1, TP53, RUNX1"	141	108	11153	3.662004203	1	1	1
REACTOME_PATHWAY	R-HSA-350054~Notch-HLH transcription pathway	3	1.401869159	0.047808425	"NOTCH3, NOTCH1, HDAC3"	141	28	11153	8.474924012	1	1	1
GOTERM_BP_DIRECT	GO:0035987~endodermal cell differentiation	3	1.401869159	0.048176357	"BRD3, LAMB3, COL7A1"	202	34	19416	8.481071637	1	1	1
WIKIPATHWAYS	WP4262:Breast cancer pathway	6	2.803738318	0.048500899	"NOTCH3, NOTCH1, CCND1, ERBB2, TP53, DDB2"	113	155	8749	2.99708821	0.999999929	1	1
GOTERM_BP_DIRECT	GO:0042060~wound healing	4	1.869158879	0.04875475	"SMAD3, SDC4, ERBB2, PPL"	202	79	19416	4.866775285	1	1	1
GOTERM_BP_DIRECT	GO:0042274~ribosomal small subunit biogenesis	4	1.869158879	0.04875475	"NOP14, EXOSC10, HEATR1, METTL17"	202	79	19416	4.866775285	1	1	1
REACTOME_PATHWAY	R-HSA-73857~RNA Polymerase II Transcription	25	11.68224299	0.051487724	"PRR5, NOTCH3, PPP1R13B, HDAC3, NOTCH1, SRRT, CCND1, PPP1R13L, ERBB2, DGCR8, TEAD3, ESRRA, SREBF1, PTPN1, SMARCC2, SMAD3, RUNX1, DDB2, RAD51D, BCL6, DDIT4, RNPS1, CDK12, TP53, KCTD15"	141	1358	11153	1.456172511	1	1	1
GOTERM_BP_DIRECT	GO:0048009~insulin-like growth factor receptor signaling pathway	4	1.869158879	0.051832	"ERBB2, MST1R, FGFR3, EPHA2"	202	81	19416	4.746607994	1	1	1
GOTERM_BP_DIRECT	GO:0008544~epidermis development	4	1.869158879	0.051832	"SPINT1, LAMB3, COL7A1, KRT5"	202	81	19416	4.746607994	1	1	1
WIKIPATHWAYS	WP710:DNA damage response only ATM dependent 	5	2.336448598	0.052338668	"SMAD3, CCND1, BCL6, ERBB2, TP53"	113	110	8749	3.519308126	0.999999981	1	1
GOTERM_BP_DIRECT	GO:2001244~positive regulation of intrinsic apoptotic signaling pathway	3	1.401869159	0.053385001	"NHERF1, PLAGL2, TP53"	202	36	19416	8.00990099	1	1	1
GOTERM_BP_DIRECT	GO:0045595~regulation of cell differentiation	3	1.401869159	0.053385001	"CEBPD, BCL6, RUNX1"	202	36	19416	8.00990099	1	1	1
REACTOME_PATHWAY	R-HSA-72172~mRNA Splicing	7	3.271028037	0.053686222	"HNRNPL, HNRNPM, FUS, SRRT, TFIP11, CWC25, RNPS1"	141	215	11153	2.575325746	1	1	1
REACTOME_PATHWAY	R-HSA-3000157~Laminin interactions	3	1.401869159	0.054137367	"LAMA5, LAMB3, COL7A1"	141	30	11153	7.909929078	1	1	1
BIOCARTA	h_g1Pathway:Cell Cycle: G1/S Check Point 	3	1.401869159	0.055806921	"SMAD3, CCND1, TP53"	22	30	1623	7.377272727	0.943370774	1	1
GOTERM_BP_DIRECT	GO:0007528~neuromuscular junction development	3	1.401869159	0.05606097	"AFG3L2, ERBB2, TNC"	202	37	19416	7.79341718	1	1	1
GOTERM_BP_DIRECT	GO:0090630~activation of GTPase activity	3	1.401869159	0.05606097	"ABR, TAX1BP3, EPHA2"	202	37	19416	7.79341718	1	1	1
GOTERM_BP_DIRECT	GO:0001657~ureteric bud development	3	1.401869159	0.05606097	"SMAD3, SDC4, SDC1"	202	37	19416	7.79341718	1	1	1
GOTERM_BP_DIRECT	GO:0001843~neural tube closure	4	1.869158879	0.056619745	"SDC4, SPINT1, SEMA4C, PHACTR4"	202	84	19416	4.57708628	1	1	1
GOTERM_BP_DIRECT	GO:0007155~cell adhesion	11	5.140186916	0.056626666	"LAMA5, FERMT1, MAEA, JUP, LAMB3, COL7A1, TNC, MSLN, DSC3, EPHA2, DGCR2"	202	543	19416	1.947158252	1	1	1
REACTOME_PATHWAY	R-HSA-212436~Generic Transcription Pathway	23	10.74766355	0.056697418	"ESRRA, PRR5, SREBF1, PTPN1, NOTCH3, PPP1R13B, HDAC3, SMARCC2, NOTCH1, SMAD3, DDB2, RUNX1, RAD51D, CCND1, BCL6, PPP1R13L, DDIT4, ERBB2, DGCR8, CDK12, TP53, KCTD15, TEAD3"	141	1234	11153	1.474297964	1	1	1
REACTOME_PATHWAY	R-HSA-2022928~HS-GAG biosynthesis	3	1.401869159	0.057406887	"SDC4, GPC1, SDC1"	141	31	11153	7.654770075	1	1	1
GOTERM_BP_DIRECT	GO:0036297~interstrand cross-link repair	3	1.401869159	0.05878303	"RAD51D, HMCES, FANCE"	202	38	19416	7.588327254	1	1	1
WIKIPATHWAYS	WP5434:Cancer pathways	12	5.607476636	0.060672001	"NOTCH3, LAMA5, NOTCH1, SMAD3, JUP, CCND1, LAMB3, ERBB2, FGFR3, TP53, DDB2, RUNX1"	113	509	8749	1.825338596	0.999999999	1	1
REACTOME_PATHWAY	R-HSA-69190~DNA strand elongation	3	1.401869159	0.060743471	"POLA1, FEN1, MCM7"	141	32	11153	7.415558511	1	1	1
REACTOME_PATHWAY	R-HSA-8852405~Signaling by MST1	2	0.934579439	0.061218044	"SPINT1, MST1R"	141	5	11153	31.63971631	1	1	1
REACTOME_PATHWAY	R-HSA-5083630~Defective LFNG causes SCDO3	2	0.934579439	0.061218044	"NOTCH3, NOTCH1"	141	5	11153	31.63971631	1	1	1
GOTERM_BP_DIRECT	"GO:0000184~nuclear-transcribed mRNA catabolic process, nonsense-mediated decay"	3	1.401869159	0.061549949	"EXOSC10, RNPS1, DCP1A"	202	39	19416	7.39375476	1	1	1
GOTERM_BP_DIRECT	GO:0051591~response to cAMP	3	1.401869159	0.061549949	"SREBF1, DUOX1, SDC1"	202	39	19416	7.39375476	1	1	1
GOTERM_BP_DIRECT	GO:0045444~fat cell differentiation	4	1.869158879	0.061609933	"SREBF1, CCND1, CEBPD, FOSL2"	202	87	19416	4.419255719	1	1	1
WIKIPATHWAYS	WP4255:Non small cell lung cancer	4	1.869158879	0.064541889	"CCND1, ERBB2, TP53, DDB2"	113	72	8749	4.301376598	1	1	1
REACTOME_PATHWAY	R-HSA-1430728~Metabolism	36	16.82242991	0.06498584	"ABCD4, PANK4, CEMIP, HDAC3, SDC4, DMAC2, TACO1, ITPR3, PGS1, DUOX1, MAEA, GM2A, CPT2, QARS1, GPC1, CKMT1B, LDLRAP1, PRODH, SLC25A44, RAE1, ESRRA, SREBF1, PARP6, ABCC1, SUOX, PHKA2, ACSF2, UCKL1, ITPKC, SDC1, MMS19, KYAT1, CIAPIN1, LRP10, RPL28, CRAT"	141	2177	11153	1.308026857	1	1	1
REACTOME_PATHWAY	R-HSA-157118~Signaling by NOTCH	7	3.271028037	0.065167874	"NOTCH3, NOTCH1, SMAD3, HDAC3, CCND1, TP53, RUNX1"	141	226	11153	2.449978033	1	1	1
REACTOME_PATHWAY	R-HSA-1266738~Developmental Biology	25	11.68224299	0.06538615	"EPHB6, HDAC3, NOTCH1, CEBPD, PPL, CCND1, QARS1, GPC1, ERBB2, PLXNA2, PAK6, SREBF1, SMARCC2, SMAD3, JUP, UNC5B, KRT5, RUNX1, KRT17, GJB3, RNPS1, RPL28, TP53, DSC3, EPHA2"	141	1393	11153	1.419585262	1	1	1
WIKIPATHWAYS	WP5221:2q11 2 copy number variation syndrome	3	1.401869159	0.066321359	"ERBB2, SEMA4C, MMS19"	113	33	8749	7.038616251	1	1	1
WIKIPATHWAYS	WP4216:Chromosomal and microsatellite instability in colorectal cancer 	4	1.869158879	0.066704548	"SMAD3, CCND1, TP53, DDB2"	113	73	8749	4.242453631	1	1	1
REACTOME_PATHWAY	R-HSA-72203~Processing of Capped Intron-Containing Pre-mRNA	8	3.738317757	0.067642267	"HNRNPL, HNRNPM, FUS, SRRT, TFIP11, CWC25, RNPS1, RAE1"	141	285	11153	2.220330969	1	1	1
UP_KW_BIOLOGICAL_PROCESS	KW-0227~DNA damage	10	4.672897196	0.068355716	"BABAM2, RAD51D, FEN1, EXOSC10, CCND1, HMCES, DELE1, MMS19, FANCE, DDB2"	133	440	11434	1.953861928	0.994697152	1	1
WIKIPATHWAYS	WP4541:Hippo Merlin signaling dysregulation	5	2.336448598	0.069372263	"CCND1, PAK6, FGFR3, EPHA2, TEAD3"	113	121	8749	3.199371023	1	1	1
GOTERM_BP_DIRECT	GO:0071716~leukotriene transport	2	0.934579439	0.070264394	"ABCC1, ABCC10"	202	7	19416	27.46251768	1	1	1
WIKIPATHWAYS	WP5055:Burn wound healing	4	1.869158879	0.071128469	"SMAD3, TNC, FGFR3, TP53"	113	75	8749	4.129321534	1	1	1
GOTERM_BP_DIRECT	GO:0000122~negative regulation of transcription by RNA polymerase II	16	7.476635514	0.07300365	"SREBF1, NOTCH3, HDAC3, SMARCC2, NOTCH1, SMAD3, BCL11A, MBD1, FOXK2, ZBTB5, RUNX1, METTL13, CCND1, BCL6, PPP1R13L, TP53"	202	958	19416	1.605324624	1	1	1
REACTOME_PATHWAY	R-HSA-1912399~Pre-NOTCH Processing in the Endoplasmic Reticulum	2	0.934579439	0.073007555	"NOTCH3, NOTCH1"	141	6	11153	26.36643026	1	1	1
GOTERM_BP_DIRECT	GO:0042307~positive regulation of protein import into nucleus	3	1.401869159	0.073042323	"SMAD3, HDAC3, JUP"	202	43	19416	6.70596362	1	1	1
REACTOME_PATHWAY	R-HSA-196849~Metabolism of water-soluble vitamins and cofactors	5	2.336448598	0.075685152	"ABCD4, PANK4, PARP6, ABCC1, LDLRAP1"	141	127	11153	3.114145306	1	1	1
GOTERM_BP_DIRECT	GO:0001756~somitogenesis	3	1.401869159	0.076015788	"SMAD3, PLXNA2, TP53"	202	44	19416	6.553555356	1	1	1
REACTOME_PATHWAY	R-HSA-6806834~Signaling by MET	4	1.869158879	0.076947158	"LAMA5, PTPN1, SPINT1, LAMB3"	141	79	11153	4.005027381	1	1	1
GOTERM_BP_DIRECT	GO:0008283~cell population proliferation	5	2.336448598	0.0789108	"RHBDF1, SMAD3, MCM7, ERBB2, YY1AP1"	202	156	19416	3.08073115	1	1	1
REACTOME_PATHWAY	R-HSA-6809371~Formation of the cornified envelope	5	2.336448598	0.079138051	"JUP, KRT17, KRT5, PPL, DSC3"	141	129	11153	3.065863984	1	1	1
GOTERM_BP_DIRECT	GO:0060740~prostate gland epithelium morphogenesis	2	0.934579439	0.079892754	"NOTCH1, TNC"	202	8	19416	24.02970297	1	1	1
GOTERM_BP_DIRECT	GO:0032288~myelin assembly	2	0.934579439	0.079892754	"PLLP, GPC1"	202	8	19416	24.02970297	1	1	1
GOTERM_BP_DIRECT	GO:0006271~DNA strand elongation involved in DNA replication	2	0.934579439	0.079892754	"POLA1, MCM7"	202	8	19416	24.02970297	1	1	1
GOTERM_BP_DIRECT	GO:0051683~establishment of Golgi localization	2	0.934579439	0.079892754	"NHERF1, STK25"	202	8	19416	24.02970297	1	1	1
WIKIPATHWAYS	WP4331:Neovascularization processes	3	1.401869159	0.080974419	"NOTCH3, NOTCH1, SMAD3"	113	37	8749	6.277684764	1	1	1
WIKIPATHWAYS	WP4844:Influence of laminopathies on Wnt signaling	3	1.401869159	0.080974419	"SREBF1, CCND1, CEBPD"	113	37	8749	6.277684764	1	1	1
GOTERM_BP_DIRECT	GO:0043066~negative regulation of apoptotic process	10	4.672897196	0.081498737	"AVEN, PRR5, BABAM2, DSTYK, ANKLE2, SMAD3, HDAC3, ERBB2, CIAPIN1, TP53"	202	506	19416	1.899581262	1	1	1
GOTERM_BP_DIRECT	GO:0008150~biological_process	4	1.869158879	0.081562519	"KIAA0930, NYNRIN, TMEM39B, C1ORF50"	202	98	19416	3.923216811	1	1	1
GOTERM_BP_DIRECT	GO:0006281~DNA repair	7	3.271028037	0.081577707	"POLA1, RAD51D, FEN1, EXOSC10, MMS19, CSNK1E, DDB2"	202	290	19416	2.320109252	1	1	1
REACTOME_PATHWAY	R-HSA-9772572~Early SARS-CoV-2 Infection Events	3	1.401869159	0.082052709	"SDC4, GPC1, SDC1"	141	38	11153	6.244680851	1	1	1
REACTOME_PATHWAY	R-HSA-390471~Association of TriC/CCT with target proteins during biosynthesis	3	1.401869159	0.082052709	"HDAC3, TP53, DCAF7"	141	38	11153	6.244680851	1	1	1
GOTERM_BP_DIRECT	GO:0001755~neural crest cell migration	3	1.401869159	0.082075309	"SEMA4C, SEMA3F, PHACTR4"	202	46	19416	6.268618166	1	1	1
REACTOME_PATHWAY	R-HSA-3700989~Transcriptional Regulation by TP53	9	4.205607477	0.082440204	"PRR5, RAD51D, PPP1R13B, BCL6, PPP1R13L, DDIT4, CDK12, TP53, DDB2"	141	359	11153	1.982990577	1	1	1
REACTOME_PATHWAY	R-HSA-8941855~RUNX3 regulates CDKN1A transcription	2	0.934579439	0.084650055	"SMAD3, TP53"	141	7	11153	22.59979737	1	1	1
WIKIPATHWAYS	WP4016:DNA IR damage and cellular response via ATR	4	1.869158879	0.08516314	"FEN1, SMARCC2, BCL6, TP53"	113	81	8749	3.823445865	1	1	1
REACTOME_PATHWAY	R-HSA-74160~Gene expression (Transcription)	27	12.61682243	0.086305852	"PRR5, NOTCH3, PPP1R13B, HDAC3, NOTCH1, SRRT, CCND1, PPP1R13L, ERBB2, DGCR8, RAE1, TEAD3, ESRRA, SREBF1, PTPN1, SMARCC2, SMAD3, RUNX1, DDB2, RAD51D, BCL6, POLR1B, DDIT4, RNPS1, CDK12, TP53, KCTD15"	141	1579	11153	1.352552787	1	1	1
WIKIPATHWAYS	WP366:TGF beta signaling pathway	5	2.336448598	0.088920541	"SMAD3, CCND1, TNC, DCP1A, TP53"	113	132	8749	2.932756771	1	1	1
GOTERM_BP_DIRECT	GO:0060253~negative regulation of glial cell proliferation	2	0.934579439	0.089421895	"NOTCH1, TP53"	202	9	19416	21.35973597	1	1	1
GOTERM_BP_DIRECT	GO:0015889~cobalamin transport	2	0.934579439	0.089421895	"ABCD4, ABCC1"	202	9	19416	21.35973597	1	1	1
GOTERM_BP_DIRECT	GO:0048512~circadian behavior	2	0.934579439	0.089421895	"CSNK1E, TP53"	202	9	19416	21.35973597	1	1	1
GOTERM_BP_DIRECT	GO:0008543~fibroblast growth factor receptor signaling pathway	4	1.869158879	0.089428326	"ERBB2, MST1R, FGFR3, EPHA2"	202	102	19416	3.769365172	1	1	1
REACTOME_PATHWAY	R-HSA-3560782~Diseases associated with glycosaminoglycan metabolism	3	1.401869159	0.093446266	"SDC4, GPC1, SDC1"	141	41	11153	5.787752984	1	1	1
GOTERM_BP_DIRECT	GO:0006635~fatty acid beta-oxidation	3	1.401869159	0.094614721	"ABCD4, CPT2, CRAT"	202	50	19416	5.767128713	1	1	1
GOTERM_BP_DIRECT	GO:0007084~mitotic nuclear membrane reassembly	2	0.934579439	0.098852832	"ANKLE2, REEP4"	202	10	19416	19.22376238	1	1	1
REACTOME_PATHWAY	R-HSA-1643685~Disease	30	14.01869159	0.099610143	"ABCD4, PRR5, NOTCH3, FEN1, HDAC3, NOTCH1, CEBPD, SDC4, WIPF2, ITPR3, CCND1, GPC1, SLC22A18, ERBB2, RAE1, PARP6, SMAD3, BCL11A, HMGA1, ATP1B3, RUNX1, DUSP7, CNKSR1, POLA1, RAD51D, GGCX, SDC1, RPL28, FGFR3, TP53"	141	1821	11153	1.303118464	1	1	1